"dataset"	"model_code"	"matrix_name"	"sequence_format"	"prefix"	"best_model"	"best_model_LogL"	"best_model_BIC"	"best_model_wBIC"	"tree_LogL"	"tree_UnconstrainedLogL"	"tree_NumFreeParams"	"tree_BIC"	"tree_length"	"tree_SumInternalBranch"	"tree_PercentInternalBranch"	"estimated_rates"	"estimated_gamma"	"estimated_state_frequencies"	"maximum_likelihood_tree"
"Borowiec2015"	"PMSF_C60"	"Best108"	"aa"	"Borowiec2015.Best108.PMSF_C60"	"'C60+F+R4':Borowiec2015.Best108.PMSF_C60.ssfp.sitefreq"	NA	NA	NA	-1260243.1575	-441579.5267	94	2521486.5543	14.7401	3.0768	20.87	"0.2857,0.0708,0.2625,0.4601,0.2849,1.3212,0.1670,2.8904"	NA	"State frequencies from model"	"(Oikopleura:1.0747151491,((((((((((((Apis:0.0426525654,Bombus:0.0534604401)100:0.2455778164,(Tribolium:0.2502575719,(Danaus:0.3557337889,Drosophila:0.4219524814)98:0.0321718058)100:0.0298688913)100:0.0377893244,(Acyrthosiphon:0.4276439353,Rhodnius:0.3375907325)100:0.0504745763)100:0.1093802247,Daphnia:0.3775102762)100:0.0827928136,Strigamia:0.3291567825)77:0.0138260842,(Tetranychus:0.6543923184,Ixodes:0.3790265066)100:0.0424273379)100:0.0450223022,(Caenorhabditis:0.5182886550,Brugia:0.3342561771)100:0.6930287558)100:0.0575167709,(Capitella:0.2949731115,(Lottia:0.2466382233,Pinctada:0.2772089927)100:0.0400545527)100:0.0526172563)100:0.0369959510,(((((Monosiga:0.3970303235,Salpingoeca:0.4455799488)100:0.6237530236,Mnemiopsis:0.6784887621)98:0.0307956200,Amphimedon:0.5714863235)100:0.0288485717,Trichoplax:0.4772990860)91:0.0217331638,((Acropora:0.2429686858,Nematostella:0.1695757755)100:0.0867849800,Hydra:0.4734446785)100:0.0485095966)100:0.0813387456)100:0.0154742276,(Strongylocentrotus:0.3096441858,Saccoglossus:0.2373879061)100:0.0496926178)100:0.0210898846,Branchiostoma:0.2492903486)100:0.0454946712,(((Xenopus:0.1172929933,(Homo:0.1064029538,(Gallus:0.1086694225,Anolis:0.0713124669)100:0.0144346595)100:0.0264483686)100:0.0190806274,Latimeria:0.1074413608)100:0.0193254275,(Fugu:0.0702468959,Gasterosteus:0.0665907978)100:0.0937347133)100:0.1544283794)100:0.1262617658,Ciona:0.3877117273);"
"Chang2015"	"PMSF_LG_C60"	"Chang_AA"	"aa"	"Chang2015.Chang_AA.PMSF_LG_C60"	"'LG+C60+F+R4':Chang2015.Chang_AA.PMSF_LG_C60.ssfp.sitefreq"	NA	NA	NA	-2087995.4435	-556979.5064	176	4177901.8677	15.5095	5.3935	34.78	"0.3734,0.0414,0.2932,0.4745,0.2320,1.6442,0.1014,4.5752"	NA	"State frequencies from model"	"(Acanthoeca_like_sp_10tr:0.1925365814,(((((((((((Acropora_cervicornis:0.0575693349,((Montastraea_faveolata:0.0203076722,Pocillopora_damicornis:0.0330332776)100:0.0101489931,Porites_australiensis:0.0276617505)93:0.0073239251)100:0.0516951162,(((Aiptasia_pallida:0.0321213103,Hormathia_digitata:0.0393299337)100:0.0156335618,(Bolocera_tuediae:0.0346935750,Urticina_eques:0.0274022935)100:0.0205640277)100:0.0332087866,(Edwardsiella_lineata:0.0380054262,Nematostella_vectensis:0.0364582994)100:0.0288498996)100:0.0393652502)100:0.0321809393,(Eunicella_cavolinii:0.0184434340,Gorgonia_ventalina:0.0159393343)100:0.1363415121)100:0.0303260613,(((((Aurelia_aurita:0.0452049448,Stomolophus_meleagris:0.0501045370)100:0.0231592043,Cyanea_capillata:0.0606375925)100:0.0566481468,Tripedalia_cystophora:0.1125515944)100:0.0149775254,(((Clytia_hemisphaerica:0.0973924716,(Hydractinia_polyclina:0.0589019078,Nanomia_bijuga:0.1077903661)93:0.0097801875)100:0.0102839889,(Ectopleura_larynx:0.0750345044,Hydra_magnipapillata:0.0731949221)100:0.0348432407)100:0.0374213247,Craspedacusta_sowerbyi:0.1074252888)100:0.0600843546)100:0.0321475231,(((Buddenbrockia_plumatellae:0.1691012536,Tetracapsuloides_bryosalmonae:0.1347222983)100:0.5388768888,((Enteromyxum_leei:0.3077775884,Kudoa_iwatai:0.2557102614)100:0.3816482458,((Myxobolus_cerebralis:0.2312644876,Thelohanellus_kitauei:0.3419249820)100:0.2522809131,Sphaeromyxa_zaharoni:0.4286190084)100:0.1608469257)100:0.1051112868)100:0.1410324519,Polypodium_hydriforme:0.2958287117)100:0.0610574900)100:0.0422952248)100:0.0237976319,(((((Botryllus_schlosseri:0.1328891820,Ciona_intestinalis:0.1353359857)100:0.1284500993,((Homo_sapiens:0.0438116972,Latimeria_menadoensis:0.0375316495)100:0.0402502257,Petromyzon_marinus:0.0976876089)100:0.0652316250)100:0.0214437770,Branchiostoma_floridae:0.1482827286)99:0.0117986085,((Patiria_miniata:0.1008845486,Strongylocentrotus_purpuratus:0.1230132307)100:0.0525786642,Saccoglossus_kowalevskii:0.1243831562)100:0.0316205726)100:0.0085510460,(((Capitella_teleta:0.1402372227,Helobdella_robusta:0.1957783872)100:0.0361370425,((Crassostrea_gigas:0.1120601847,Ilyanassa_obsoleta:0.1512812485)100:0.0158991850,Octopus_vulgaris:0.1661294549)100:0.0271643172)100:0.0272158943,((Daphnia_pulex:0.1599465062,(Nasonia_vitripennis:0.1234749648,Pediculus_humanus_corporis:0.1335657717)100:0.0570010059)100:0.0435754632,(Ixodes_scapularis:0.1699148584,Strigamia_maritima:0.1449193257)95:0.0158075714)100:0.0484412991)100:0.0217344734)100:0.0358511802)98:0.0076337765,Trichoplax_adhaerens:0.2752915279)100:0.0085239706,(((((Amphimedon_queenslandica:0.1200096842,Petrosia_ficiformis:0.0850770379)100:0.0752644535,Ephydatia_muelleri:0.1752002532)100:0.0372185570,(Chondrilla_nucula:0.2118039059,Ircinia_fasciculata:0.1907383993)100:0.0195664011)100:0.0348210029,(Aphrocallistes_vastus:0.0822519866,Euplectella_aspergillum:0.0865463725)100:0.3738801884)100:0.0315752961,((Corticium_candelabrum:0.1348766859,(Oscarella_carmela:0.0602295652,Oscarella_sp_sn2011:0.0684926927)100:0.0973331628)100:0.0881889983,(Leucetta_chagosensis:0.1095427206,(Sycon_ciliatum:0.0354281302,Sycon_coactum:0.0422475429)100:0.1291864309)100:0.1307347395)100:0.0163840212)100:0.0116923084)100:0.0175321366,((((Beroe_moroz:0.0611972053,Mnemiopsis_leidyi:0.0402509252)100:0.0202661094,Pleurobrachia_pileus:0.0833556090)100:0.0247154712,Vallicula_multiformis:0.0838315406)100:0.0295552081,Euplokamis_dunlapae:0.0867100170)100:0.3151607237)100:0.0773912207,((Amoebidium_parasiticum_JAP72:0.1822927829,Sphaeroforma_arctica_jp610:0.3165422111)100:0.1827250824,(Capsaspora_owczarzaki_atcc30864:0.2927699259,Ministeria_vibrans_atcc50519:0.4051951966)100:0.0512086183)100:0.0501522355)100:0.0983862084,Monosiga_ovata:0.2958646002)99:0.0281975494,(Monosiga_brevicollis_mx1:0.2377408767,Salpingoeca_sp_atcc50818:0.2693103763)100:0.1208270304)100:0.2346796570,Stephanoeca_diplocostata:0.1154387810);"
"Dunn2008"	"PMSF_C60"	"Dunn2008_FixedNames"	"aa"	"Dunn2008.Dunn2008_FixedNames.PMSF_C60"	"'C60+F+R4':Dunn2008.Dunn2008_FixedNames.PMSF_C60.ssfp.sitefreq"	NA	NA	NA	-606960.6916	-208670.9746	150	1215415.3068	23.3609	5.3999	23.12	"0.2770,0.0709,0.2693,0.4203,0.2641,1.2194,0.1896,2.8750"	NA	"State frequencies from model"	"(Acanthoscurria_gomesiana:0.1914045530,(((((((((((((Acropora_millepora:0.2014788718,Nematostella_vectensis:0.1814450956)100:0.0754989291,(Cyanea_capillata:0.2490077004,(Hydra_magnipapillata:0.2016414863,Hydractinia_echinata:0.1604001790)100:0.1368372214)100:0.1322265679)96:0.0283606657,Oscarella_carmela:0.5600898996)96:0.0198354111,(((((Amoebidium_parasiticum:0.3114169019,Sphaeroforma_arctica:0.4769824919)100:0.1781880607,(Cryptococcus_neoformans:0.6838976045,Saccharomyces_cerevisiae:0.9781010962)100:0.5539655319)98:0.0622590660,Capsaspora_owczarzaki:0.6228148356)97:0.0660871335,Monosiga_ovata:0.6638197906)100:0.1141176314,(Mertensiid_sp:0.1037241215,Mnemiopsis_leidyi:0.0894059976)100:0.6241161731)100:0.0512316720)100:0.1000163566,(((Asterina_pectinifera:0.1957167346,Strongylocentrotus_purpuratus:0.2442862675)100:0.0913095121,(Ptychodera_flava:0.1276532086,Saccoglossus_kowalevskii:0.1162497938)100:0.0868599783)100:0.0484658522,((Branchiostoma_floridae:0.2610341172,(Ciona_intestinalis:0.5092923506,(Gallus_gallus:0.0670664478,Homo_sapiens:0.0683791438)100:0.1843838919)100:0.0253900026)100:0.0194422804,Xenoturbella_bocki:0.3561017242)69:0.0107947209)98:0.0166511171)100:0.0603373931,(((((Aplysia_californica:0.1297708859,Biomphalaria_glabrata:0.1222833563)100:0.2199134478,((Argopecten_irradians:0.2594799299,Crassostrea_virginica:0.2290191103)98:0.0283595468,Mytilus_galloprovincialis:0.2840097227)100:0.0724754641)93:0.0170088621,((Chaetoderma_nitidulum:0.2655324936,Chaetopleura_apiculata:0.1619758848)87:0.0172679238,Euprymna_scolopes:0.3079666231)89:0.0184118551)100:0.0328215061,(((((Capitella_sp:0.2409271394,Urechis_caupo:0.1607706843)100:0.0409634577,(Haementeria_depressa:0.1829841365,Lumbricus_rubellus:0.1511954804)100:0.0898165603)99:0.0259805287,Platynereis_dumerilii:0.2034683785)85:0.0170780292,(Chaetopterus_variopedatus:0.1997845055,Themiste_lageniformis:0.2112287163)84:0.0252616250)97:0.0180642536,(((Carinoma_mutabilis:0.1779551332,Cerebratulus_lacteus:0.1917897802)100:0.0649903009,Phoronis_vancouverensis:0.2732600460)88:0.0081202846,Terebratalia_transversa:0.2318338246)96:0.0159597445)96:0.0119397106)100:0.0214147961,((((Dugesia_japonica:0.1094499512,Schmidtea_mediterranea:0.1017524825)100:0.4571071635,Echinococcus_granulosus:0.7285122448)100:0.0931712958,Paraplanocera_oligoglena:0.3566547717)84:0.0249383979,Macrostomum_lignano:0.7102261133)100:0.1593517464)100:0.0303760486)100:0.0337442145,((Echinoderes_horni:0.3461631039,Priapulus_caudatus:0.2587801840)92:0.0180020508,(Spinochordodes_tellinii:0.6070948394,(Trichinella_spiralis:0.6336297033,Xiphinema_index:0.2977817400)100:0.1763917832)95:0.0477849086)69:0.0412146009)56:0.0112679788,(Hypsibius_dujardini:0.1063897128,Richtersius_coronifer:0.1576494130)100:0.4874277741)100:0.0223163572,Euperipatoides_kanangrensis:0.2094032117)100:0.0222774529,((Carcinus_maenas:0.1450628059,Fenneropenaeus_chinensis:0.1528711144)100:0.1657595943,(Daphnia_magna:0.2523979927,Drosophila_melanogaster:0.3205053547)100:0.0340459486)100:0.0553040419)100:0.0204931293,Scutigera_coleoptrata:0.1664788930)95:0.0169886515,Anoplodactylus_eroticus:0.2725226222)85:0.0122329108,Carcinoscorpius_rotundicauda:0.1961757713)100:0.0374731350,Boophilus_microplus:0.2248518078);"
"Laumer2018"	"PMSF_C60"	"Tplx_phylo_d1"	"aa"	"Laumer2018.Tplx_phylo_d1.PMSF_C60"	"'C60+F+R4':Laumer2018.Tplx_phylo_d1.PMSF_C60.ssfp.sitefreq"	NA	NA	NA	-2734446.5226	-815495.5474	140	5470461.8403	22.8637	6.2878	27.5	"0.2532,0.0697,0.2644,0.4479,0.2870,1.2201,0.1954,2.6289"	NA	"State frequencies from model"	"(CNID_Epal:0.1088979905,CNID_Nvec:0.0998104103,(((((((CNID_Ltet:0.1284887071,CNID_Csow:0.1418470194)100:0.0435508652,(CNID_Atet:0.2084389463,CNID_Hvul:0.2194811024)100:0.0597034830)100:0.1105017967,CNID_Lcmp:0.2456146821)100:0.0159563820,(CNID_Aala:0.1792844578,(CNID_Pnct:0.1025228918,CNID_Smel:0.1143683619)100:0.1068017361)100:0.0202327568)100:0.1497991068,(((((ECHI_Spur:0.3101165969,CRAN_Mmus:0.3081243671)100:0.0259837460,((((BRAC_Lana:0.1916835106,MOLL_Cgig:0.2410542971)100:0.0206254492,ANNE_Ctel:0.2479243272)100:0.0296280521,(MICR_Limn:0.4581783638,PLAT_Sman:0.9157591502)99:0.0534218549)100:0.0218097155,((ARTH_Dmel:0.4795553432,(TARD_Rvar:0.6888562697,NEMA_Ppac:1.1898804717)98:0.0298791458)100:0.0424764629,PRIA_Pcau:0.2571801842)100:0.0281260805)100:0.0502126587)78:0.0108959666,(XENO_XbJC:0.2792880496,(NEMO_Nemw:0.4887376455,ACOE_Isop:0.6847275395)100:0.1011738035)100:0.0773483918)100:0.0894373963,(((((PORI_Lcom:0.1445099720,(PORI_Scoa:0.0922327764,PORI_Scil:0.1017776875)100:0.0555016471)100:0.2206205068,PORI_Ccor:0.2507101516)100:0.2757178305,(PORI_Ccan:0.2682562837,PORI_Ocar:0.3030259022)100:0.2278244127)85:0.0279821976,(((PORI_Cnuc:0.4055861015,PORI_Ifas:0.3136894610)100:0.0360658728,((PORI_Aque:0.1997697907,PORI_Pfic:0.1548187600)100:0.1363124721,((PORI_Cele:0.2421426059,PORI_Cvar:0.1784361569)100:0.0580373867,PORI_Slac:0.2538603166)100:0.0317206800)100:0.0920494867)100:0.0946980749,(PORI_Snux:0.0865496461,PORI_Easp:0.1275902005)100:0.7804570461)100:0.1013873330)100:0.0405949430,((((CTEN_Cmet:0.1225687898,CTEN_Vmul:0.0899241686)100:0.0779425288,((CTEN_Mlei:0.0758564092,CTEN_Baby:0.1074243849)100:0.0261682827,CTEN_Pbac:0.2505500365)100:0.0328655217)100:0.0787803398,CTEN_Edun:0.1717678269)100:0.6290769504,(((OUTC_Sdol:0.4576290671,OUTC_Smac:0.4982049310)60:0.0259214713,OUTC_Chol:0.8132369023)54:0.0134581892,((OUTC_Aspc:0.4814312283,OUTC_Dcos:0.4458677672)100:0.1742109381,(OUTC_Sros:0.5173598003,OUTC_Mbre:0.5732309455)100:0.2588313981)85:0.0428034756)100:0.5251371913)100:0.0531895627)100:0.0499551098)97:0.0189337839,(((PLAC_TpH4:0.0254318012,PLAC_TpH6:0.0333409326)100:0.0147004010,PLAC_TH11:0.0457887179)100:0.0208149814,PLAC_Tadh:0.0582509701)100:0.4873651485)100:0.0675799177)100:0.0422513845,(CNID_Aplm:0.0248796222,CNID_Gven:0.1719896525)100:0.2655111525)100:0.0639338702,CNID_Adig:0.1984478088)100:0.0517889206);"
"Laumer2019"	"PMSF_C60"	"nonbilateria_MARE_BMGE"	"aa"	"Laumer2019.nonbilateria_MARE_BMGE.PMSF_C60"	"'C60+F+R4':Laumer2019.nonbilateria_MARE_BMGE.PMSF_C60.ssfp.sitefreq"	NA	NA	NA	-1894150.2045	-654669.5147	124	3789666.914	21.0633	3.8346	18.21	"0.2671,0.0631,0.2884,0.4474,0.2788,1.3025,0.1657,2.9630"	NA	"State frequencies from model"	"(ANNE_Ctel:0.2155245686,(BRAC_Ttvs:0.1720047504,MOLL_Lott:0.1896793046)93:0.0162492072,((((CEPH_Bflo:0.1878485941,CRAN_Mmus:0.2136692377)100:0.0236840199,(ECHI_Spur:0.2600580215,XENO_XbJC:0.2870337735)100:0.0202320802)100:0.0110814106,((((CNID_Adig:0.1853003294,CNID_Nvec:0.1382249277)100:0.0440539919,CNID_Gven:0.3590131912)100:0.0348040019,((((CNID_Atet:0.1678947418,CNID_Hvul:0.1646847428)100:0.0459260681,CNID_Csow:0.1325722100)100:0.0888206159,CNID_Smel:0.1819595849)100:0.0455984802,CNID_Phyd:0.6325712692)100:0.0635861660)100:0.0428393834,(((((((CTEN_Baby:0.0903091883,CTEN_Mlei:0.0636641413)100:0.0184395410,CTEN_Pbac:0.2297710864)100:0.0233143256,CTEN_Vmul:0.1287221680)100:0.0690199991,CTEN_Edun:0.1338847182)100:0.4803414276,((OUTC_Mbre:0.5286439063,OUTC_Sros:0.4886571901)100:0.4594247718,((((((OUTF_Amac:0.6687971958,((OUTF_Foxy:0.9810291163,(OUTF_Mver:0.3911691904,OUTF_Rsol:0.2521736195)100:0.0419240466)85:0.0410547508,OUTF_Spun:0.3754469106)85:0.0358889570)100:0.0588736662,OUTF_Rall:0.8401849626)100:0.0585620455,OUTI_Falb:1.3145850660)100:0.1334088353,OUTI_Ttra:1.3627062629)100:0.0997973262,(OUTI_Apar:0.3219952548,OUTI_Sart:0.5333861760)100:0.2670337075)100:0.0360789884,(OUTI_Cowc:0.5626609274,OUTI_Mvar:0.5976504061)99:0.0359722416)100:0.0942332183)100:0.1660740527)98:0.0228308197,(((((PORI_Aque:0.1864598864,PORI_Pfic:0.1365191350)100:0.1261451478,(((PORI_Cele:0.1927348523,PORI_Psub:0.1340685558)83:0.0162671307,PORI_Cvar:0.1304380297)100:0.0500417298,PORI_Slac:0.2283381545)100:0.0247100885)100:0.0649631658,(PORI_Cnuc:0.3515282059,PORI_Ifas:0.2598278869)100:0.0244987257)100:0.0805092918,PORI_Avas:0.6220267685)87:0.0745770833,((PORI_Ccan:0.1860208677,PORI_Ocar:0.2650131021)100:0.1566818097,(PORI_Ccla:0.1756695834,(PORI_Scil:0.0840182662,PORI_Scoa:0.0804389739)100:0.1778913408)100:0.1978500535)93:0.0240083097)97:0.0261993251)100:0.0197996706,PLAC_Tadh:0.4430134647)100:0.0221567187)100:0.0756914074)100:0.0296012323,(ONYC_Peri:0.1816056452,PRIA_Pcau:0.2175376788)100:0.0289239331)100:0.0349176890);"
"Moroz2014"	"PMSF_C60"	"ED3d"	"aa"	"Moroz2014.ED3d.PMSF_C60"	"'C60+F+R4':Moroz2014.ED3d.PMSF_C60.ssfp.sitefreq"	NA	NA	NA	-427396.1194	-225590.7956	114	855936.0334	16.2483	4.6049	28.34	"0.3191,0.0831,0.2800,0.4603,0.2474,1.4090,0.1535,3.2309"	NA	"State frequencies from model"	"(CGIG:0.2364025583,(((((((((((((BINF:0.0225982526,MERT:0.0259084098)100:0.0767430298,MLEI:0.0657048133)100:0.0195998346,BCUC:0.1103488682)83:0.0127578896,DGLA:0.1234400270)100:0.0278297693,(PBAC:0.0739640400,(PPIL:0.0121390382,PATL:0.0042820744)99:0.0045715916)100:0.1772774698)100:0.0254466011,(COEL:0.1414021856,VALL:0.0971478287)100:0.0908830970)100:0.0796660957,EDUN:0.1503713125)100:0.6485500620,((((EMUE:0.3402374478,AQUE:0.3240164097)76:0.0095056983,CFOL:0.3841742085)97:0.1652285790,((SCOA:0.1834757068,LCHA:0.0000024656)99:0.3399046761,(((OMIN:0.1610134470,AVAS:0.1852449685)94:0.1716955223,HCAL:0.2501829053)99:0.4826905602,OCAR:0.4410302383)21:0.1213335932)38:0.1242091828)30:0.0311630679,((SROS:0.5428312840,MBRE:0.5479006579)100:0.2326513249,MOVA:0.8531866918)100:0.3320213624)42:0.0218012879)72:0.0322701402,TADH:0.5108563845)80:0.0247041061,((PCAR:0.4425130587,(HVUL:0.3123067082,CHEM:0.2157751579)91:0.1031641710)68:0.1243466545,(((PAST:0.0992441129,ADIG:0.1464376486)100:0.1410739662,(((AVIR:0.0000025350,HECH:0.2329624154)100:0.2146315733,AIPT:0.0615370567)100:0.0837539987,NVEC:0.1480913609)100:0.0328283375)98:0.0488746741,GVEN:0.4777313087)89:0.0380286979)72:0.0381722631)88:0.0787382307,((BFLO:0.2327133942,(HSAP:0.2530106071,CINT:0.5253276035)100:0.0398501170)100:0.0252251891,(SPUR:0.2785422703,SKOW:0.2475836486)100:0.0451670654)96:0.0118564974)99:0.0409023254,((DMEL:0.5046690917,DPUL:0.3334603561)100:0.0776964906,ISCA:0.5216802923)100:0.0682417009)100:0.0399561798,CTEL:0.2871326398)100:0.0665466422,(LGIG:0.1882024575,ACAL:0.3465787134)99:0.0333754127);"
"Nosenko2013"	"PMSF_C60"	"nonribosomal_9187_smatrix"	"aa"	"Nosenko2013.nonribosomal_9187_smatrix.PMSF_C60"	"'C60+F+R4':Nosenko2013.nonribosomal_9187_smatrix.PMSF_C60.ssfp.sitefreq"	NA	NA	NA	-253776.8494	-82767.9792	164	509050.2881	13.0112	3.1947	24.55	"0.4420,0.0657,0.2392,0.5754,0.1971,1.7441,0.1217,4.0225"	NA	"State frequencies from model"	"(Acropor_hy:0.0241350922,Acropor_mi:0.0125082739,(Acropor_pa:0.1391114070,((((((((((Allomyc_ma:0.2128263465,Phycomy_bl:0.2447682005)98:0.0180909066,(Batrach_de:0.1803448779,Spizell_pu:0.1405859977)99:0.0293674351)100:0.1733309814,((Amoebid_pa:0.1175692980,Sphaero_ar:0.2783070999)100:0.0829559534,Capsasp_ow:0.2754189793)97:0.0209375392)100:0.0409135576,((Monosig_br:0.1504478915,Protero_sp:0.1734551154)100:0.0857076709,Monosig_ov:0.2306547050)100:0.0888787652)100:0.0404432128,((Beroe_sp__:0.1216296559,(Mertens_sp:0.1309467507,Mnemiop_le:0.0590163305)100:0.0884070630)98:0.0276431580,Pleurob_pi:0.1500959597)100:0.1885884543)100:0.0215686097,((((((Amphime_qu:0.1850084727,((Asbesto_sp:0.1488251284,Suberit_do:0.1192663735)95:0.0103310599,(Astrosc_wi:0.1779987627,Tethya_wil:0.1396033775)74:0.0087563533)100:0.0353293730)99:0.0186364244,((Ephydat_mu:0.0438397182,Lubomir_ba:0.0511693261)100:0.0361560158,Pachydi_gl:0.1395067137)100:0.0872354566)100:0.0316075157,Carteri_fo:0.2041573934)100:0.0298120542,(((Aphroca_va:0.0170632955,Heteroc_ca:0.0170586324)100:0.1558323152,Cratero_me:0.0930065538)98:0.0261031611,Oopsacas_m:0.1474553889)100:0.2092009794)99:0.0191431614,(Corticium_:0.5503529483,((Oscarel_ca:0.0000010040,Oscarel_sp:0.0000010040)100:0.0998444744,Oscarel_lo:0.0882020705)100:0.1095885341)89:0.0164080520)63:0.0089789096,(Leucett_ch:0.1177226764,((Leucoso_sp:0.0580861749,Sycon_cili:0.1703331531)99:0.0283899383,Sycon_raph:0.1576216766)100:0.0378883251)100:0.0855410491)89:0.0122913508)94:0.0140688088,((((((Anoplod_er:0.0983975120,Scutige_co:0.1224043537)98:0.0454070567,((Daphnia_pu:0.1412645151,(Nasonia_vi:0.1817575209,Pedicul_hu:0.3076856069)89:0.0301299263)87:0.0179912000,Ixodes_sca:0.1597284439)86:0.0066916565)100:0.0333487545,((((Aplysia_ca:0.1322800619,Euprymn_sc:0.1942623929)91:0.0184975120,Crassos_gi:0.1328756635)99:0.0076318488,Pedicel_ce:0.1874619969)97:0.0150813131,(Capitel_sp:0.1235177398,(Helobde_ro:0.1576021740,Tubifex_tu:0.1319233154)100:0.0370725905)100:0.0205443574)100:0.0189058064)100:0.0163783948,(Branchi_fl:0.1668504460,((Saccogl_ko:0.1165558102,Strongy_pu:0.2369772992)75:0.0145707382,Xenotur_bo:0.2436154160)70:0.0032236872)72:0.0117857291)69:0.0083449679,((Ciona_inte:0.1529522361,Molgula_te:0.1483697390)100:0.0764588288,((Cyanea_cap:0.1445291668,Danio_reri:0.0618737370)98:0.0272200732,Petromy_ma:0.1084095208)98:0.0683531962)87:0.0174259669)97:0.0194703407,(Trichop_ad:0.0516283516,Trichop_H4:0.0675706275)100:0.1889050904)95:0.0111365902)93:0.0227077239,(Clytia_hem:0.1396344567,((Hydra_magn:0.0193927901,Hydra_vulg:0.0442429924)100:0.0973162862,(Hydract_ec:0.1135156260,Podocor_ca:0.0498526468)100:0.0653740460)100:0.0280196115)100:0.0964872762)95:0.0444838543,(Metridi_se:0.1073988439,Nematos_ve:0.1065655556)100:0.0302479401)95:0.0679518547,(Montast_fa:0.2363147161,Porites___:0.0610840947)100:0.0692763409)95:0.0552377316)74:0.0149169580);"
"Nosenko2013"	"PMSF_C60"	"ribosomal_14615_smatrix"	"aa"	"Nosenko2013.ribosomal_14615_smatrix.PMSF_C60"	"'C60+F+R4':Nosenko2013.ribosomal_14615_smatrix.PMSF_C60.ssfp.sitefreq"	NA	NA	NA	-457983.7249	-138623.2214	164	917540.1439	11.8098	3.7336	31.61	"0.3960,0.0917,0.2450,0.5574,0.2293,1.5905,0.1297,3.5653"	NA	"State frequencies from model"	"(Acropor_hy:0.7210425006,Acropor_mi:0.0005535840,(Acropor_pa:0.0065003634,(((((((((((Allomyc_ma:0.2308688926,Phycomy_bl:0.2123032381)96:0.0214429730,(Batrach_de:0.1746038378,Spizell_pu:0.0938862067)100:0.0651230059)100:0.1628694975,(Amoebid_pa:0.1555516188,Sphaero_ar:0.2561895925)100:0.0890637351)86:0.0186861796,Capsasp_ow:0.2905118717)100:0.0348005577,((Monosig_br:0.1971664573,Protero_sp:0.2434256326)100:0.1242794517,Monosig_ov:0.2351621890)100:0.0801653159)100:0.0575652406,(((Beroe_sp__:0.0708434585,Mnemiop_le:0.0490761127)99:0.0175906752,Mertens_sp:0.0613169238)100:0.0286734407,Pleurob_pi:0.0669360793)100:0.3205126189)98:0.0179514358,((((Anoplod_er:0.1260097660,(Ixodes_sca:0.1480263052,Scutige_co:0.0847064223)95:0.0143712059)89:0.0111619663,(Daphnia_pu:0.1483816464,(Nasonia_vi:0.0831862767,Pedicul_hu:0.1013452966)100:0.0577002819)100:0.0508242344)100:0.0400317140,(((Aplysia_ca:0.1471895463,Crassos_gi:0.1122505087)100:0.0208735266,Euprymn_sc:0.2008751237)100:0.0242278434,((Capitel_sp:0.1681866291,(Helobde_ro:0.1039752047,Tubifex_tu:0.0880569180)100:0.0488147008)100:0.0260820508,Pedicel_ce:0.2372049731)94:0.0087162605)100:0.0202110493)100:0.0245162232,((Branchi_fl:0.1375889188,((Ciona_inte:0.1177668758,Molgula_te:0.1363183788)100:0.1205761869,(Danio_reri:0.0657717548,Petromy_ma:0.0736348021)100:0.0771684199)97:0.0123840722)99:0.0136086144,((Saccogl_ko:0.1154403899,Strongy_pu:0.1821955311)97:0.0156228988,Xenotur_bo:0.2008158160)100:0.0131514918)100:0.0133454085)100:0.0546334195)97:0.0131457084,((((((Amphime_qu:0.1899059368,((Ephydat_mu:0.0083826521,Lubomir_ba:0.0254208921)100:0.0180729654,Pachydi_gl:0.0572066651)100:0.1468656174)90:0.0121617794,(((Asbesto_sp:0.1258199594,(Suberit_fu:0.0171157513,Suberit_do:0.0114269153)100:0.0761251074)100:0.0162174681,Tethya_wil:0.0888820046)99:0.0170578298,Astrosc_wi:0.1632237643)100:0.0320174711)100:0.0345385417,Carteri_fo:0.1546305387)100:0.0304487127,((Aphroca_va:0.0236610002,Heteroc_ca:0.0036150877)98:0.0605760084,(Cratero_me:0.0515941935,Oopsacas_m:0.1017575794)95:0.0374330267)100:0.3524047100)96:0.0243243948,(Corticium_:0.1512657550,((Oscarel_ca:0.0000010165,Oscarel_sp:0.0000010165)100:0.0513851357,Oscarel_lo:0.0561403227)100:0.1117539874)95:0.0616968225)55:0.0139117655,((Leucett_ch:0.1043950639,(Leucoso_sp:0.1069009574,Sycon_raph:0.0626703893)100:0.0923471360)100:0.0895868545,(Trichop_ad:0.0277424679,Trichop_H4:0.0425024478)100:0.2019083556)57:0.0143823279)95:0.0131740265)100:0.0299569301,((Clytia_hem:0.1107003123,((Hydra_magn:0.0374285986,Hydra_vulg:0.0131531232)100:0.0802789362,(Hydract_ec:0.0437411138,Podocor_ca:0.0230034394)100:0.0334882897)98:0.0220377271)100:0.0655491282,Cyanea_cap:0.1219262642)100:0.0777574861)100:0.0437040323,(Metridi_se:0.0947226668,Nematos_ve:0.0689274920)100:0.0387505944)100:0.0338882991,(Montast_fa:0.0300377331,Porites___:0.0620694497)100:0.0189919455)100:0.1060091351)100:0.0062809995);"
"Philippe2009"	"PMSF_C60"	"Philippe_etal_superalignment_FixedNames"	"aa"	"Philippe2009.Philippe_etal_superalignment_FixedNames.PMSF_C60"	"'C60+F+R4':Philippe2009.Philippe_etal_superalignment_FixedNames.PMSF_C60.ssfp.sitefreq"	NA	NA	NA	-726779.7195	-305990.8429	132	1454921.3468	9.5827	2.6771	27.94	"0.4174,0.0533,0.2597,0.5686,0.2119,1.7873,0.1110,4.0678"	NA	"State frequencies from model"	"(Acropora_millepora:0.0893049955,(((((((((AllomycesXmacrogynus:0.2104034079,(Phycomyces_blakesleeanus:0.0657312600,RhizopusXoryzae:0.0633129861)100:0.1291664373)97:0.0188608826,(Batrachochytrium_dendrobatidis:0.1507892522,Spizellomyces_punctatus:0.0903416110)100:0.0577763235)100:0.2033273153,((Amoebidium_parasiticum:0.1623080297,Sphaeroforma_arctica:0.2463936649)100:0.0971210263,Capsaspora_owczarzaki:0.2570042665)84:0.0174485372)100:0.0378693479,((MonosigaXbrevicollis:0.1688844139,Proterospongia_sp:0.2491070764)100:0.1073904170,MonosigaXovata:0.2224783076)100:0.0832112885)100:0.0594674095,((Mnemiopsis_leidyi:0.0472906314,mertensiid_sp:0.0497142474)95:0.0141821174,Pleurobrachia_pileus:0.0661524735)100:0.3024632250)100:0.0152019839,((((Carteriospongia_foliascens:0.1575471545,((Ephydatia_muelleri:0.1681245352,Suberites_domuncula:0.1293009315)96:0.0130789369,RenieraXsp:0.1651020344)100:0.0301358556)100:0.0282895877,(Heterochone_sp:0.0797695750,OopsacasXminuta:0.1133643794)100:0.3149259237)100:0.0354667009,((LeucettaXchagosensis:0.0994615613,SyconXraphanus:0.1280735281)100:0.0985849924,Oscarella_carmela:0.2174533417)77:0.0135057258)82:0.0105967943,Trichoplax_adhaerens:0.2410471558)55:0.0077652364)97:0.0114564944,(((((Anoplodactylus_eroticus:0.1216084494,IxodesXscapularis:0.1337745192)98:0.0150788309,(Euperipatoides_kanangrensis:0.1050688112,ScutigeraXcoleoptrata:0.0766145326)73:0.0144433083)74:0.0102777230,(DaphniaXpulex:0.1368920479,(NasoniaXvitripennis:0.0940288531,PediculusXhumanus:0.1105936525)100:0.0543263807)100:0.0411782671)100:0.0418262756,(((AplysiaXcalifornica:0.1365288554,Crassostrea_gigas:0.1044958839)100:0.0169734970,Euprymna_scolopes:0.1739173242)100:0.0218538415,((Capitella_sp__i_ecs-2004:0.1306907241,(Helobdella_robusta:0.1082013154,TubifexXtubifex:0.0853759223)100:0.0491326627)100:0.0257310842,Pedicellina_cernua:0.2040387361)93:0.0082716078)100:0.0254900608)100:0.0193931279,((Branchiostoma_floridae:0.1328311457,((CionaXsavignyi:0.1202284831,Molgula_tectiformis:0.1284450381)100:0.1209483088,(Danio_rerio:0.0691419988,Petromyzon_marinus:0.0786093278)100:0.0637285448)100:0.0173799460)100:0.0120345796,((Saccoglossus_kowalevskii:0.1156530792,Strongylocentrotus_purpuratus:0.1641815353)100:0.0158130125,Xenoturbella_bocki:0.2008820507)100:0.0122076976)100:0.0100751720)100:0.0421483973)100:0.0258377254,(((ClytiaXhemisphaerica:0.0898510613,(Hydractinia_echinata:0.0300463076,Podocoryne_carnea:0.0257105025)100:0.0397194214)100:0.0158126254,HydraXmagnipapillata:0.0903173262)100:0.0656435145,CyaneaXcapillata:0.1123408849)100:0.0810600079)100:0.0449193608,(Metridium_senile:0.0829694552,Nematostella_vectensis:0.0560759514)100:0.0322922282)100:0.0262559655,Montastraea_faveolata:0.0479476922);"
"Philippe2011"	"PMSF_C60"	"UPDUNN_MB_FixedNames"	"aa"	"Philippe2011.UPDUNN_MB_FixedNames.PMSF_C60"	"'C60+F+R4':Philippe2011.UPDUNN_MB_FixedNames.PMSF_C60.ssfp.sitefreq"	NA	NA	NA	-750239.3754	-180312.3268	176	1502207.6909	24.4324	6.1354	25.11	"0.3019,0.0606,0.2740,0.4389,0.2574,1.3170,0.1667,3.1342"	NA	"State frequencies from model"	"(Saccharomyces_cerevisiae:0.8715653234,Cryptococcus_neoformans:0.5244724533,((((((((((((Hypsibius_dujardini:0.0854455223,Richtersius_coronifer:0.1171438219)100:0.3793959373,((Trichinella_spiralis:0.4741173584,Xiphinema_index:0.2401244878)100:0.1619873466,Spinochordodes_tellinii:0.4851133087)91:0.0533198930)74:0.0382125710,(Euperipatoides_kanangrensis:0.1818334975,((((Boophilus_microplus:0.1811291861,Acanthoscurria_gomesiana:0.1693228909)100:0.0427310974,Anoplodactylus_eroticus:0.2170625317)99:0.0195307855,(Carcinoscorpius_rotundicauda:0.1324679302,Scutigera_coleoptrata:0.1366615182)88:0.0150230681)92:0.0153662687,((Daphnia_pulex:0.2070770821,Drosophila_melanogaster:0.2780039915)100:0.0299473410,(Fenneropenaeus_chinensis:0.0878498316,Carcinus_maenas:0.0770311957)100:0.1750045385)100:0.0468284860)94:0.0206902712)100:0.0240868898)50:0.0080625170,(Priapulus_caudatus:0.2523320502,Echinoderes_horni:0.3045593980)96:0.0344270534)74:0.0190799953,(((((((((Aplysia_californica:0.0805430538,Biomphalaria_glabrata:0.0876808018)100:0.1442120257,(Mytilus_galloprovincialis:0.1699661649,(Argopecten_irradians:0.2009795625,Crassostrea_gigas:0.1716289790)99:0.0196281274)100:0.0573629281)100:0.0213361025,(Euprymna_scolopes:0.2223262488,(Chaetopleura_apiculata:0.1119026064,Chaetoderma_nitidulum:0.2164230610)100:0.0245582080)81:0.0103142617)100:0.0307714449,(((((Capitella_sp__i_ecs-2004:0.1909297343,Urechis_caupo:0.1399180258)100:0.0281731056,(Lumbricus_rubellus:0.1228231220,Haementeria_depressa:0.1826154321)100:0.0833924576)100:0.0231715592,Platynereis_dumerilii:0.1659834057)100:0.0141405977,(Chaetopterus_sp:0.1718389541,Themiste_lageniformis:0.1647793257)100:0.0190662156)100:0.0186352660,((Phoronis_vancouverensis:0.2061528247,Terebratalia_transversa:0.1946106166)96:0.0121797142,(Carinoma_mutabilis:0.1611335248,Cerebratulus_lacteus:0.1800369982)100:0.0487187546)97:0.0153514086)97:0.0148680547)83:0.0073770979,Turbanella_ambronensis:0.4749969506)51:0.0094058842,(Pedicellina_cernua:0.2705922284,(Bugula_neritina:0.2992591476,Cristatella_mucedo:0.2028725005)100:0.0711828519)95:0.0220416227)59:0.0027869588,Myzostoma_seymourcollegiorum:0.7623390199)51:0.0157717821,(((((Dugesia_japonica:0.0981238830,Schmidtea_mediterranea:0.0685749825)100:0.3941695639,Echinococcus_granulosus:0.5689397521)100:0.0945182086,(Paraplanocera_sp:0.2885452957,Macrostomum_lignano:0.4461042644)95:0.0237025829)100:0.1065644241,(Philodina_roseola:0.4591950841,Brachionus_plicatilis:0.3631416600)100:0.1097955982)94:0.0145709095,Gnathostomula_peregrina:0.7049812396)27:0.0240261163)55:0.0072414906,(Spadella_cephaloptera:0.0861313933,Flaccisagitta_enflata:0.0988665636)100:0.2920235056)64:0.0082725829)85:0.0540168070,(((Ciona_intestinalis:0.4282917996,(Homo_sapiens:0.0596530457,Gallus_gallus:0.0532168891)100:0.1554146796)98:0.0209095058,Branchiostoma_floridae:0.2009269025)98:0.0179038359,(((Strongylocentrotus_purpuratus:0.1715603465,Asterina_pectinifera:0.1550429818)100:0.0841242912,(Saccoglossus_kowalevskii:0.0958631804,Ptychodera_flava:0.0879383270)100:0.0814744385)100:0.0328620815,Xenoturbella_bocki:0.3055829258)100:0.0129282496)98:0.0197194377)79:0.0144962430,(Symsagittifera_roscoffensis:0.0797255086,Neochildia_fusca:0.2202575967)100:0.9277195171)100:0.0879694824,(((Nematostella_vectensis:0.1355100571,Acropora_millepora:0.1555150048)100:0.0703225326,(Cyanea_capillata:0.1957112924,(Hydra_magnipapillata:0.1599994435,Hydractinia_echinata:0.1176713127)100:0.1085776947)100:0.1058083254)100:0.0225011448,(Mnemiopsis_leidyi:0.0714991711,mertensiid_sp:0.0906191696)100:0.5552689979)76:0.0134905883)73:0.0189536574,(Reniera_sp:0.3435860281,Oscarella_carmela:0.2274564112)100:0.0373472951)100:0.1287917559,Monosiga_ovata:0.5134430476)100:0.0505784534,Capsaspora_owczarzaki:0.4429472538)99:0.0451560246,(Sphaeroforma_arctica:0.3971913119,Amoebidium_parasiticum:0.2295300449)100:0.1240067527)100:0.4720755207);"
"Pick2010"	"PMSF_C60"	"Pick2010"	"aa"	"Pick2010.Pick2010.PMSF_C60"	"'C60+F+R4':Pick2010.Pick2010.PMSF_C60.ssfp.sitefreq"	NA	NA	NA	-755039.4427	-186031.5176	188	1511931.1176	21.4253	6.058	28.27	"0.2992,0.0566,0.2615,0.4383,0.2617,1.2899,0.1776,2.9895"	NA	"State frequencies from model"	"(Acanthoscu:0.1644939828,((((((((((((Acropora_m:0.1006577392,Montastrae:0.0580189786)100:0.0681525886,((Anemonia_v:0.0704805870,Metridium_:0.0835182989)100:0.0454599930,Nematostel:0.0929636884)100:0.0577332961)100:0.0726664170,((Clytia_hem:0.1320913783,(Hydra_magn:0.1641768820,(Hydractini:0.0462870829,Podocoryne:0.0517811050)100:0.0749888147)93:0.0213238230)100:0.0990221294,Cyanea_cap:0.1975755655)100:0.1095774810)100:0.0350477169,((((((Amoebidium:0.2296452383,Sphaerofor:0.3913888588)100:0.1666887944,Capsaspora:0.4524634397)100:0.0532411249,((Monosiga_b:0.3102765048,Proterospo:0.3136615378)100:0.1835744418,Monosiga00:0.3789995833)100:0.1318483117)100:0.1111620114,((Mnemiopsis:0.0906804480,mertensiid:0.0691959096)44:0.0318125407,Pleurobrac:0.0996502515)100:0.5257585936)92:0.0260298098,(((((Amphimedon:0.2392390797,(((Ephydatia_:0.0079641619,Lubomirski:0.0212102363)100:0.0290754625,Pachydicty:0.0419740341)100:0.1736768242,Suberites_:0.1616563954)100:0.0229030833)100:0.0510965393,Carteriosp:0.2769509826)100:0.0453220434,((Crateromor:0.0962376493,Oopsacas_m:0.0891229975)97:0.0244708282,Heterochon:0.1965778481)100:0.4861303139)98:0.0245835980,(Oscarella_:0.0713460904,Oscarell00:0.0932304785)100:0.1716548790)61:0.0180134013,(Leucetta_c:0.1640969837,Sycon_raph:0.2125346338)100:0.2110597465)87:0.0166146948)93:0.0153368733,Trichoplax:0.3955747242)82:0.0125909114)100:0.1005765740,((((Asterina_p:0.1575641351,Strongyloc:0.1756591674)100:0.0847420654,(Ptychodera:0.0913861186,Saccogloss:0.0952970808)100:0.0820541393)100:0.0338376025,Xenoturbel:0.3107532806)100:0.0126099507,(Branchiost:0.2087926629,(Ciona_inte:0.4462739027,(Gallus_gal:0.0577991346,Homo_sapie:0.0492096665)100:0.1541086244)100:0.0225555752)100:0.0185343483)100:0.0185010071)100:0.0565689019,(((((Aplysia_ca:0.0828690031,Biomphalar:0.0880670974)100:0.1506343753,((Argopecten:0.2079098257,Crassostre:0.1735006607)96:0.0197907019,Mytilus_ga:0.1781667292)100:0.0586197520)100:0.0221634754,((Chaetoderm:0.2199332686,Chaetopleu:0.1085365719)100:0.0246400716,Euprymna_s:0.2317916399)84:0.0096536776)100:0.0321933725,((((((Capitella_:0.1935296874,Urechis_ca:0.1359677344)100:0.0325712918,(Haementeri:0.1448472629,Lumbricus_:0.1192426904)100:0.0859292078)99:0.0173869329,Platynerei:0.1736851071)92:0.0139920451,Themiste_l:0.1711892186)82:0.0116929500,Chaetopter:0.1877832812)100:0.0184153092,((Carinoma_m:0.1734445799,Cerebratul:0.1900397268)100:0.0422326724,(Phoronis_v:0.2141478546,Terebratal:0.2025923341)96:0.0114759226)96:0.0140723410)98:0.0135243924)100:0.0240167226,((((Dugesia_ja:0.1010061067,Schmidtea_:0.0722132272)100:0.3967621902,Echinococc:0.5791009550)100:0.0940036360,Paraplanoc:0.2980242093)90:0.0264842587,Macrostomu:0.4512340398)100:0.1305087231)100:0.0221822817)100:0.0204134320,(Echinodere:0.3049047169,Priapulus_:0.2581497746)96:0.0298732335)97:0.0134627721,((Hypsibius_:0.0873467178,Richtersiu:0.1164908395)100:0.3797785754,(Spinochord:0.5058312951,(Trichinell:0.4729648191,Xiphinema_:0.2386207642)100:0.1696617260)92:0.0492149386)97:0.0404554893)100:0.0203050478,Euperipato:0.1827479472)99:0.0198836570,(((Daphnia_pu:0.2118544183,Drosophila:0.2843507549)100:0.0282991707,(Homarus_am:0.0691739464,Litopenaeu:0.0839547547)100:0.1828228773)100:0.0456712781,Scutigera_:0.1447720862)89:0.0103464875)96:0.0165406557,Carcinosco:0.1446601451)99:0.0111287821,Anoplodact:0.2192521294)100:0.0464607951,Boophilus_:0.1849305189);"
"Ryan2013"	"PMSF_C60"	"REA_EST_includingXenoturbella"	"aa"	"Ryan2013.REA_EST_includingXenoturbella.PMSF_C60"	"'C60+F+R4':Ryan2013.REA_EST_includingXenoturbella.PMSF_C60.ssfp.sitefreq"	NA	NA	NA	-1997753.844	-977933.0235	144	3997147.7682	21.5522	5.3668	24.9	"0.2846,0.0772,0.2741,0.4437,0.2639,1.2706,0.1774,2.9374"	NA	"State frequencies from model"	"(Oscarella_carmela:0.1461566807,(((((((((((Asterina_pectinifera:0.1871963451,Strongylocentrotus_purpuratus:0.2141185335)100:0.0814074762,(Saccoglossus_kowalevskii:0.1246415675,Ptychodera_flava:0.1047585496)100:0.0794783595)100:0.0313065860,Xenoturbella_bocki:0.3592760980)54:0.0153845191,(Branchiostoma_floridae:0.2599737483,((Petromyzon_marinus:0.2344789193,Gallus_gallus:0.1360955160)100:0.1113221686,(Ciona_intestinalis:0.2519887831,Halocynthia_roretzi:0.2557644961)100:0.2305301435)100:0.0219999174)100:0.0206317797)55:0.0119052798,(((((Capitella_telata:0.2363090221,Helobdella_robusta:0.4062217343)100:0.0380208984,(Cerebratulus_lacteus:0.2105365712,Terebratalia_transversa:0.2157315376)100:0.0184257769)94:0.0095869453,((Lottia_gigantea:0.2283164133,Crassostrea_virginica:0.2443371930)100:0.0234375724,Euprymna_scolopes:0.3027406586)100:0.0294669320)100:0.0114436399,(Schmidtea_mediterranea:0.8239198942,Paraplanocera_oligoglena:0.3543712309)100:0.2368338138)100:0.0319871483,(((((Drosophila_melanogaster:0.4478780309,Daphnia_pulex:0.2927801205)100:0.0620232933,(Anoplodactylus_eroticus:0.2273031290,Boophilus_microplus:0.3035132208)100:0.0246367030)100:0.0212244371,Euperipatoides_kanangrensis:0.2219066267)100:0.0225986878,Xiphinema_index:0.6108828816)98:0.0137839935,Echinoderes_horni:0.3957857148)100:0.0232623815)100:0.0370543333)42:0.0154316515,((Isodiametra_pulchra:0.4430692052,(Symsagittifera_roscoffensis:0.1223511688,Convolutriloba_longifissura:0.1668440526)100:0.2107210077)100:0.4860508262,(Meara_stichopi:0.5863229099,Nemertoderma_westbladi:0.4229850649)100:0.1296175401)95:0.0671288262)100:0.0657207627,((((Acropora_palmata:0.0419264399,Acropora_millepora:0.0258338783)100:0.0810100104,(Porites_astreoides:0.0802231895,Montastraea_faveolata:0.1016546583)100:0.0198823379)100:0.0831415276,(Nematostella_vectensis:0.1189839497,(Anemonia_viridis:0.1071767214,(Metridium_senile:0.0824311970,Aiptasia_pallida:0.2087271674)100:0.0216870348)100:0.0459083037)100:0.0540955320)100:0.0917523862,(((Hydra_magnipapillata:0.2134277462,(Hydractinia_echinata:0.0924263914,Podocoryna_carnea:0.0739392539)100:0.0830618346)86:0.0209126846,Clytia_hemisphaerica:0.2593221441)100:0.1099495912,Cyanea_capillata:0.2452138611)100:0.1252145883)100:0.0389857902)99:0.0165661198,Trichoplax_adhaerens:0.4794368392)99:0.0158412646,(((Monosiga_brevicollis:0.5013101348,Salpingoeca_rosetta:0.5305986826)100:0.2648641493,Monosiga_ovata:0.5392038773)100:0.4038367095,((Mnemiopsis_leidyi:0.0896621313,Mertensiid_sp:0.0752752650)98:0.0215542363,Pleurobrachia_pileus:0.1483323702)100:0.6455514533)93:0.0245351008)98:0.0266018581,(((Amphimedon_queenslandica:0.3523654930,((Lubomirskia_baicalensis:0.0541756065,Ephydatia_muelleri:0.0182736012)100:0.2432947094,Suberites_domuncula:0.2373873436)98:0.0333402263)100:0.0869509345,Carteriospongia_foliascens:0.4170153474)96:0.0588027273,Oopsacas_minuta:0.8253007139)98:0.0588042648)100:0.0607835077,(Sycon_raphanus:0.3462429210,Leucetta_chagosensis:0.2753515207)100:0.1662608553)100:0.2812339628,Oscarella_lobularis:0.1056111052);"
"Whelan2015"	"PMSF_C60"	"Dataset10_CertainPruned_LBAtaxa_LBAandHeteroGenesPruned"	"aa"	"Whelan2015.Dataset10_CertainPruned_LBAtaxa_LBAandHeteroGenesPruned.PMSF_C60"	"'C60+F+R4':Whelan2015.Dataset10_CertainPruned_LBAtaxa_LBAandHeteroGenesPruned.PMSF_C60.ssfp.sitefreq"	NA	NA	NA	-2646261.2424	-654805.7072	162	5294304.1025	24.7795	7.1546	28.87	"0.2452,0.0633,0.2652,0.4273,0.2974,1.1807,0.1923,2.7051"	NA	"State frequencies from model"	"(Aurelia_aurita:0.2149400726,((((((((Lottia_gigantea:0.3005082046,Capitella_teleta:0.3073560253)100:0.0250560855,(Tubulanus_polymorphus:0.2903377998,Hemithiris_psittacea:0.2891168817)99:0.0228786605)100:0.0573092185,(((Drosophila_melanogaster:0.4799210753,Daphnia_pulex:0.3416745220)100:0.0809920921,Lithobius_forficatus:0.2453732160)100:0.0618196799,Priapulus_caudatus:0.3488452478)100:0.0247765269)100:0.0405375362,((Homo_sapiens:0.1412898807,Danio_rerio:0.1401765575)100:0.0617127732,Petromyzon_marinus:0.2425398374)100:0.1617100639)63:0.0146385013,(Strongylocentrotus_purpuratus:0.3426000425,Saccoglossus_kowalevskii:0.2542707706)100:0.0543188319)100:0.0773519192,(((((((Sphaeroforma_arctica:0.5707528509,Amoebidium_parasiticum:0.3402633139)100:0.2378445021,(((Mortierella_verticillata:0.3649183216,Rhizopus_oryzae:0.4497051699)100:0.0927167055,Allomyces_macrogynus:0.7767896621)57:0.0357024079,Spizellomyces_punctatus:0.4462955703)100:0.3807495841)99:0.0337709817,(Ministeria_vibrans:0.7806270337,Capsaspora_owczarzaki:0.5857670852)100:0.0754447725)100:0.0776327018,(Monosiga_ovata:0.7477929326,Salpingoeca_rosetta:0.8234296205)100:0.3168056732)100:0.1969548911,((((Dryodora_glandiformis:0.1499014973,((Mnemiopsis_leidyi:0.0974595032,(Bolinopsis_infundibulum:0.0399059405,Mertensiidae_sp:0.0338768885)100:0.0793624159)100:0.0243928893,Beroe_abyssicola:0.1382006150)100:0.0207099812)100:0.0330474432,(Pleurobrachia_atlantica:0.0227899917,Pleurobrachia_bachei:0.1203165417)100:0.2032587542)100:0.0420839593,(Coeloplana_astericola:0.1518200668,Vallicula_sp:0.1192151463)100:0.1069074114)100:0.0861734472,Euplokamis_dunlapae:0.2197716096)100:0.6597378632)100:0.0447770153,(((((Rossella_fibulata:0.0831739537,Sympagella_nux:0.0759987139)100:0.1002735439,Aphrocallistes_vastus:0.1644682718)100:0.1864186508,Hyalonema_populiferum:0.5134090945)100:0.5459298873,(((Amphimedon_queenslandica:0.2938920916,Petrosia_ficiformis:0.1952728191)100:0.1410653074,((Spongilla_alba:0.0930145502,Ephydatia_muelleri:0.0593933984)100:0.2397622984,((((Crella_elegans:0.1026857551,Kirkpatrickia_variolosa:0.0785462557)100:0.0428763020,Latrunculia_apicalis:0.1155959184)100:0.1193600019,Tethya_wilhelma:0.1895583855)90:0.0136415636,Pseudospongosorites_suberitoides:0.2218037170)100:0.0653990054)100:0.0364014039)100:0.0821081222,(Chondrilla_nucula:0.4333797211,Ircinia_fasciculata:0.3496321638)100:0.0410811249)100:0.0792735067)100:0.0723517750,((Corticium_candelabrum:0.3587481074,Oscarella_carmela:0.2910091524)100:0.1501978420,(Sycon_ciliatum:0.0850478122,Sycon_coactum:0.1304617865)100:0.4951611109)100:0.0333894631)100:0.0249079134)100:0.0333592108,Trichoplax_adhaerens:0.5905187388)100:0.0221296973)100:0.0602520018,((((Bolocera_tuediae:0.1200001226,(Aiptasia_pallida:0.1032992663,Hormathia_digitata:0.0761715276)100:0.0232762572)100:0.0510913637,Nematostella_vectensis:0.1518162953)100:0.0688644747,(Platygyra_carnosa:0.5992474381,Acropora_digitifera:0.0874234350)100:0.0966733991)100:0.0755817491,Eunicella_verrucosa:0.3085056728)100:0.0457101171)100:0.1316823845,((((Abylopsis_tetragona:0.1383745572,Craseoa_lathetica:0.0738700885)100:0.0391103606,(Nanomia_bijuga:0.0984893968,Agalma_elegans:0.0603855889)100:0.0458602587)100:0.0486623061,Physalia_physalis:0.1418763451)100:0.0884475346,((Hydra_vulgaris:0.0247768445,Hydra_oligactis:0.0390043237)100:0.0412314384,Hydra_viridissima:0.0649553294)100:0.1635139597)100:0.1666751129)100:0.0516734041,Periphylla_periphylla:0.1926172217);"
"Whelan2017"	"PMSF_C60"	"Metazoa_Choano_RCFV_strict"	"aa"	"Whelan2017.Metazoa_Choano_RCFV_strict.PMSF_C60"	"'C60+F+R4':Whelan2017.Metazoa_Choano_RCFV_strict.PMSF_C60.ssfp.sitefreq"	NA	NA	NA	-1593712.3505	-530432.0012	174	3189305.1996	19.3225	6.1336	31.74	"0.2920,0.0687,0.2875,0.4845,0.2879,1.4226,0.1326,3.2500"	NA	"State frequencies from model"	"(Beroe_sp_Antarctica:0.1089167574,((((((((Mertensiidae_sp_Washington_USA:0.0071872452,Cydippida_sp:0.0308982427)100:0.0268560531,Mertensiidae_sp_Antarctica:0.0136400251)100:0.0582407722,(Cydippida_sp_Maryland_USA:0.0699658174,Callianira_Antarctica:0.0503974742)100:0.0333853542)100:0.0288486916,((((((((((((Bolocera_tuediae:0.0856682185,(Aiptasia_pallida:0.0761424767,Hormathia_digitata:0.0628911196)100:0.0222000038)100:0.0458177295,Nematostella_vectensis:0.1226486336)100:0.0493282738,Acropora_digitifera:0.2600704477)100:0.0667998578,Eunicella_verrucosa:0.2627411347)100:0.0485125815,(((((Abylopsis_tetragona:0.1113460412,Craseo_lathetica:0.0602251810)100:0.0363451115,(Nanomia_bijuga:0.0660097997,Agalma_elegans:0.0475619998)100:0.0359044699)100:0.0460966467,Physalia_physalia:0.1311568153)100:0.0666636458,((Hydra_vulgaris:0.0156759930,Hydra_oligactis:0.0226975214)100:0.0372226735,Hydra_viridissima:0.0414541227)100:0.1328123844)100:0.1513771759,Periphyla_periphyla:0.2207592014)100:0.1303695149)100:0.0590869830,(((Drosophila_melanogaster:0.4693329256,Daphnia_pulex:0.2987011051)100:0.1518917010,(Hemithris_psittacea:0.2640146793,Capitella_teleta:0.2687577279)100:0.0536661592)100:0.0410285105,(Homo_sapiens:0.2918041650,Strongylocentrotus_purpatus:0.3054059101)99:0.0225113243)100:0.0784873141)100:0.0190926820,Trichoplax_adhaerens:0.5383456783)100:0.0270375973,(((((Rossella_fibulata:0.0715888107,Sympagella_nux:0.0738237312)100:0.0952687289,Aphrocallistes_vastus:0.1453459890)100:0.1951871424,Hyalonema_populiferum:0.4108089546)100:0.5989185277,(((Amphimedon_queenslandica:0.2425789522,Petrosia_ficiformis:0.1627647470)100:0.1446025359,(Spongilla_lacustris:0.2816255995,(((((Crella_elegans:0.1115329323,Kirkpatrickia_variolosa:0.0548238908)100:0.0407026834,Latrunculia_apicalis:0.0942933891)100:0.0503030966,Mycale_phylophylla:0.1631672054)100:0.0735292566,Pseudospongosorites_suberitoides:0.1599905295)98:0.0208534590,Cliona_varians:0.1742964263)100:0.0618580996)100:0.0275532742)100:0.0768645834,(Chondrilla_nucula:0.3914041789,Ircinia_fasciculata:0.3173372974)100:0.0494587862)100:0.0747311190)100:0.0880977923,((Corticium_candelabrum:0.2886953910,Oscarella_carmela:0.2581375541)100:0.1502840813,(Sycon_ciliatum:0.0810633985,Sycon_coactum:0.1064422453)100:0.4660486765)100:0.0342258812)100:0.0261401815)87:0.0269604861,((Acanthoeca_sp:0.7516464995,(Salpingoeca_pyxidium:0.9637800803,(Salpingoeca_rosetta:0.5962198787,Monosiga_brevicolis:0.5636114320)100:0.2310197209)100:0.0638065909)96:0.0417565612,Monosiga_ovata:0.6085782845)100:0.4540482205)100:0.7133077929,Euplokamis_dunlapae:0.1192169032)100:0.0795774181,(Vallicula_sp:0.1061616321,Coeloplana_astericola:0.0993097377)100:0.0851849399)100:0.0439491051,((Pleurobrachia_pileus:0.0084721044,(Pleurobrachia_bachei:0.0805386788,Pleurobrachia_sp_South_Carolina_USA:0.0153416649)100:0.0085772018)100:0.0663614353,(Hormiphora_palmata:0.0530501840,Hormiphora_californica:0.0173770876)100:0.0464270615)100:0.1240945057)100:0.0288681969)100:0.0200907815,Dryodora_glandiformis:0.1386474634)99:0.0173339381,((((((Ctenophora_sp_Florida_USA:0.0228761094,Cestum_veneris:0.0754054126)100:0.0248328287,Eurhamphaea_vexilligera:0.0223683956)96:0.0049450950,Lobata_sp_Punta_Arenas_Argentina:0.0748350265)95:0.0066575320,(Mnemiopsis_leidyi:0.0123272837,Bolinopsis_ashleyi:0.1722494690)100:0.0362405673)71:0.0048674884,Bolinopsis_infundibulum:0.0741794135)99:0.0176597608,((Ocyropsis_sp_Florida_USA:0.0868401869,Ocyropsis_crystallina:0.0071700646)100:0.0202699830,Ocyropsis_sp_Bimini_Bahamas:0.0304770282)100:0.0418225716)100:0.0333857121)68:0.0106368857,Lobatolampea_tetragona:0.4278761607)100:0.0531756169,((Beroe_sp_Queensland_Australia:0.0378394117,Beroe_forskalii:0.0278277865)100:0.0222479483,Beroe_ovata:0.0615250796)100:0.0312731769)100:0.0300596109,Beroe_abyssicola:0.0389623540);"
